file,right_foot,left_foot,right_shank,left_shank,right_thigh,left_thigh
HuGaDB_v1_various_03_00.txt,Corrupted,OK,Corrupted,OK,Corrupted,OK
HuGaDB_v1_various_03_01.txt,Corrupted,OK,Corrupted,OK,Corrupted,OK
HuGaDB_v1_various_03_02.txt,Corrupted,OK,Corrupted,OK,Corrupted,OK
HuGaDB_v1_various_03_03.txt,Corrupted,OK,Corrupted,OK,Corrupted,OK
HuGaDB_v1_various_03_04.txt,Corrupted,OK,Corrupted,OK,Corrupted,OK
HuGaDB_v1_various_03_05.txt,Corrupted,OK,Corrupted,OK,Corrupted,OK
HuGaDB_v1_various_03_06.txt,Corrupted,OK,Corrupted,OK,Corrupted,OK
HuGaDB_v1_various_03_07.txt,Corrupted,OK,Corrupted,OK,Corrupted,OK
HuGaDB_v1_various_03_08.txt,Corrupted,OK,Corrupted,OK,Corrupted,OK
HuGaDB_v1_various_03_09.txt,Corrupted,OK,Corrupted,OK,Corrupted,OK
HuGaDB_v1_various_03_10.txt,Corrupted,OK,Corrupted,OK,Corrupted,OK
HuGaDB_v1_various_03_11.txt,Corrupted,OK,Corrupted,OK,Corrupted,OK
HuGaDB_v1_various_03_12.txt,Corrupted,OK,Corrupted,OK,Corrupted,OK
HuGaDB_v1_various_03_13.txt,Corrupted,OK,Corrupted,OK,Corrupted,OK
HuGaDB_v1_various_03_14.txt,Corrupted,OK,Corrupted,OK,Corrupted,OK
HuGaDB_v1_various_03_15.txt,Corrupted,OK,Corrupted,OK,Corrupted,OK
HuGaDB_v1_various_03_16.txt,Corrupted,OK,Corrupted,OK,Corrupted,OK
HuGaDB_v1_various_03_17.txt,Corrupted,OK,Corrupted,OK,Corrupted,OK
HuGaDB_v1_various_03_18.txt,Corrupted,OK,Corrupted,OK,Corrupted,OK
HuGaDB_v1_various_03_19.txt,Corrupted,OK,Corrupted,OK,Corrupted,OK
HuGaDB_v1_various_03_20.txt,Corrupted,OK,Corrupted,OK,Corrupted,OK
HuGaDB_v1_various_03_21.txt,Corrupted,OK,Corrupted,OK,Corrupted,OK
HuGaDB_v1_various_03_22.txt,Corrupted,OK,Corrupted,OK,Corrupted,OK
HuGaDB_v1_various_03_23.txt,Corrupted,OK,Corrupted,OK,Corrupted,OK
HuGaDB_v1_various_03_24.txt,Corrupted,OK,Corrupted,OK,Corrupted,OK
HuGaDB_v1_various_04_00.txt,Corrupted,Corrupted,Corrupted,Corrupted,Corrupted,Corrupted
HuGaDB_v1_various_04_01.txt,Corrupted,Corrupted,Corrupted,Corrupted,Corrupted,Corrupted
HuGaDB_v1_various_04_02.txt,Corrupted,Corrupted,Corrupted,Corrupted,Corrupted,Corrupted
HuGaDB_v1_various_04_03.txt,Corrupted,Corrupted,Corrupted,Corrupted,Corrupted,Corrupted
HuGaDB_v1_various_04_04.txt,Corrupted,Corrupted,Corrupted,Corrupted,Corrupted,Corrupted
HuGaDB_v1_various_04_05.txt,Corrupted,Corrupted,Corrupted,Corrupted,Corrupted,Corrupted
HuGaDB_v1_various_04_06.txt,Corrupted,Corrupted,Corrupted,Corrupted,Corrupted,Corrupted
HuGaDB_v1_various_04_07.txt,Corrupted,Corrupted,Corrupted,Corrupted,Corrupted,Corrupted
HuGaDB_v1_various_04_08.txt,Corrupted,Corrupted,Corrupted,Corrupted,Corrupted,Corrupted
HuGaDB_v1_various_04_09.txt,Corrupted,Corrupted,Corrupted,Corrupted,Corrupted,Corrupted
HuGaDB_v1_various_04_10.txt,Corrupted,Corrupted,Corrupted,Corrupted,Corrupted,Corrupted
HuGaDB_v1_various_04_11.txt,Corrupted,Corrupted,Corrupted,Corrupted,Corrupted,Corrupted
HuGaDB_v1_various_04_12.txt,Corrupted,Corrupted,Corrupted,Corrupted,Corrupted,Corrupted
HuGaDB_v1_various_04_13.txt,Corrupted,Corrupted,Corrupted,Corrupted,Corrupted,Corrupted
HuGaDB_v1_various_04_14.txt,Corrupted,Corrupted,Corrupted,Corrupted,Corrupted,Corrupted
HuGaDB_v1_various_04_15.txt,Corrupted,Corrupted,Corrupted,Corrupted,Corrupted,Corrupted
HuGaDB_v1_various_04_16.txt,Corrupted,Corrupted,Corrupted,Corrupted,Corrupted,Corrupted
HuGaDB_v1_various_04_17.txt,Corrupted,Corrupted,Corrupted,Corrupted,Corrupted,Corrupted
HuGaDB_v1_various_04_18.txt,Corrupted,Corrupted,Corrupted,Corrupted,Corrupted,Corrupted
HuGaDB_v1_various_04_19.txt,Corrupted,Corrupted,Corrupted,Corrupted,Corrupted,Corrupted
HuGaDB_v1_various_05_00.txt,Corrupted,OK,Corrupted,OK,OK,OK
HuGaDB_v1_various_05_01.txt,Corrupted,Corrupted,Corrupted,OK,OK,OK
HuGaDB_v1_various_05_02.txt,Corrupted,Corrupted,Corrupted,OK,OK,OK
HuGaDB_v1_various_05_03.txt,Corrupted,Corrupted,Corrupted,OK,OK,OK
HuGaDB_v1_various_05_04.txt,Corrupted,Corrupted,Corrupted,OK,OK,OK
HuGaDB_v1_various_05_05.txt,Corrupted,Corrupted,Corrupted,OK,OK,OK
HuGaDB_v1_various_05_06.txt,Corrupted,Corrupted,Corrupted,OK,OK,OK
HuGaDB_v1_various_05_07.txt,Corrupted,Corrupted,Corrupted,OK,OK,OK
HuGaDB_v1_various_05_08.txt,Corrupted,Corrupted,Corrupted,OK,OK,OK
HuGaDB_v1_various_05_09.txt,Corrupted,Corrupted,Corrupted,OK,OK,OK
HuGaDB_v1_various_05_10.txt,Corrupted,Corrupted,Corrupted,OK,OK,OK
HuGaDB_v1_various_05_11.txt,Corrupted,Corrupted,Corrupted,OK,OK,OK
HuGaDB_v1_various_05_12.txt,Corrupted,Corrupted,Corrupted,OK,OK,OK
HuGaDB_v1_various_05_13.txt,Corrupted,Corrupted,Corrupted,OK,OK,OK
HuGaDB_v1_various_05_14.txt,Corrupted,Corrupted,Corrupted,OK,OK,OK
HuGaDB_v1_various_05_15.txt,Corrupted,Corrupted,Corrupted,OK,OK,OK
HuGaDB_v1_various_05_16.txt,Corrupted,Corrupted,Corrupted,OK,OK,OK
HuGaDB_v1_various_05_17.txt,Corrupted,Corrupted,Corrupted,OK,OK,OK
HuGaDB_v1_various_05_18.txt,Corrupted,Corrupted,Corrupted,OK,OK,OK
HuGaDB_v1_various_05_19.txt,Corrupted,Corrupted,Corrupted,OK,OK,OK
HuGaDB_v1_various_05_20.txt,Corrupted,Corrupted,Corrupted,OK,OK,OK
HuGaDB_v1_various_07_00.txt,Corrupted,OK,Corrupted,OK,OK,OK
HuGaDB_v1_various_07_01.txt,Corrupted,OK,Corrupted,OK,OK,OK
HuGaDB_v1_various_07_02.txt,Corrupted,OK,Corrupted,OK,OK,OK
HuGaDB_v1_various_07_03.txt,Corrupted,OK,Corrupted,OK,OK,OK
HuGaDB_v1_various_07_04.txt,Corrupted,OK,Corrupted,OK,OK,OK
HuGaDB_v1_various_07_05.txt,Corrupted,OK,Corrupted,OK,OK,OK
HuGaDB_v1_various_07_06.txt,Corrupted,OK,Corrupted,OK,OK,OK
HuGaDB_v1_various_07_07.txt,Corrupted,OK,Corrupted,OK,OK,OK
HuGaDB_v1_various_07_08.txt,Corrupted,OK,Corrupted,OK,OK,OK
HuGaDB_v1_various_07_09.txt,Corrupted,OK,Corrupted,OK,OK,OK
HuGaDB_v1_various_07_10.txt,Corrupted,OK,Corrupted,OK,OK,OK
HuGaDB_v1_various_07_11.txt,Corrupted,OK,Corrupted,OK,OK,OK
HuGaDB_v1_various_07_12.txt,Corrupted,OK,Corrupted,OK,OK,OK
HuGaDB_v1_various_07_13.txt,Corrupted,OK,Corrupted,OK,OK,OK
HuGaDB_v1_various_07_14.txt,Corrupted,OK,Corrupted,OK,OK,OK
HuGaDB_v1_various_07_15.txt,Corrupted,OK,Corrupted,OK,OK,OK
HuGaDB_v1_various_07_16.txt,Corrupted,OK,Corrupted,OK,OK,OK
HuGaDB_v1_various_07_17.txt,Corrupted,OK,Corrupted,OK,OK,OK
HuGaDB_v1_various_07_18.txt,Corrupted,OK,Corrupted,OK,OK,OK
HuGaDB_v1_various_07_19.txt,Corrupted,OK,Corrupted,OK,OK,OK
HuGaDB_v1_various_07_20.txt,Corrupted,OK,Corrupted,OK,OK,OK
HuGaDB_v1_various_07_21.txt,Corrupted,OK,Corrupted,OK,OK,OK
HuGaDB_v1_various_07_22.txt,Corrupted,OK,Corrupted,OK,OK,OK
HuGaDB_v1_various_07_23.txt,Corrupted,OK,Corrupted,OK,OK,OK
HuGaDB_v1_various_07_24.txt,Corrupted,OK,Corrupted,OK,OK,OK
HuGaDB_v1_various_09_00.txt,Corrupted,Corrupted,Corrupted,Corrupted,Corrupted,Corrupted
HuGaDB_v1_various_09_01.txt,Corrupted,Corrupted,Corrupted,Corrupted,Corrupted,Corrupted
HuGaDB_v1_various_09_02.txt,Corrupted,Corrupted,Corrupted,Corrupted,Corrupted,Corrupted
HuGaDB_v1_various_09_03.txt,Corrupted,Corrupted,Corrupted,Corrupted,Corrupted,Corrupted
HuGaDB_v1_various_09_04.txt,Corrupted,Corrupted,Corrupted,Corrupted,Corrupted,Corrupted
HuGaDB_v1_various_09_05.txt,Corrupted,Corrupted,Corrupted,Corrupted,Corrupted,Corrupted
HuGaDB_v1_various_09_06.txt,Corrupted,Corrupted,Corrupted,Corrupted,Corrupted,Corrupted
HuGaDB_v1_various_09_07.txt,Corrupted,Corrupted,Corrupted,Corrupted,Corrupted,Corrupted
HuGaDB_v1_various_09_08.txt,Corrupted,Corrupted,Corrupted,Corrupted,Corrupted,Corrupted
HuGaDB_v1_various_09_13.txt,OK,Corrupted,OK,Corrupted,OK,Corrupted
HuGaDB_v1_various_09_14.txt,OK,Corrupted,OK,Corrupted,OK,Corrupted
HuGaDB_v1_various_09_15.txt,OK,Corrupted,OK,Corrupted,OK,Corrupted
HuGaDB_v1_various_09_16.txt,OK,Corrupted,OK,Corrupted,OK,Corrupted
HuGaDB_v1_various_09_17.txt,OK,Corrupted,OK,Corrupted,OK,Corrupted
HuGaDB_v1_various_09_18.txt,OK,Corrupted,OK,Corrupted,OK,Corrupted
HuGaDB_v1_various_09_19.txt,OK,Corrupted,OK,Corrupted,OK,Corrupted
HuGaDB_v1_various_09_20.txt,OK,Corrupted,OK,Corrupted,OK,Corrupted
HuGaDB_v1_various_11_04.txt,OK,Corrupted,OK,OK,OK,OK
HuGaDB_v1_various_11_05.txt,OK,Corrupted,OK,OK,OK,OK
HuGaDB_v1_various_11_06.txt,OK,Corrupted,OK,OK,OK,OK
HuGaDB_v1_various_11_07.txt,OK,Corrupted,OK,OK,OK,OK
HuGaDB_v1_various_11_08.txt,OK,Corrupted,OK,OK,OK,OK
HuGaDB_v1_various_11_09.txt,OK,Corrupted,OK,OK,OK,OK
HuGaDB_v1_various_11_10.txt,OK,Corrupted,OK,OK,OK,OK
HuGaDB_v1_various_11_11.txt,OK,Corrupted,OK,OK,OK,OK
HuGaDB_v1_various_11_12.txt,OK,Corrupted,OK,OK,OK,OK
HuGaDB_v1_various_11_13.txt,OK,Corrupted,OK,OK,OK,OK
HuGaDB_v1_various_11_14.txt,OK,Corrupted,OK,OK,OK,OK
HuGaDB_v1_various_11_15.txt,OK,Corrupted,OK,OK,OK,OK
HuGaDB_v1_various_11_16.txt,OK,Corrupted,OK,OK,OK,OK
HuGaDB_v1_various_11_17.txt,OK,Corrupted,OK,OK,OK,OK
HuGaDB_v1_various_11_18.txt,OK,Corrupted,OK,OK,OK,OK
HuGaDB_v1_various_11_19.txt,OK,Corrupted,OK,OK,OK,OK
HuGaDB_v1_various_11_20.txt,OK,Corrupted,OK,OK,OK,OK
HuGaDB_v1_various_12_00.txt,Corrupted,Corrupted,Corrupted,Corrupted,Corrupted,Corrupted
HuGaDB_v1_various_12_01.txt,Corrupted,Corrupted,Corrupted,Corrupted,Corrupted,Corrupted
HuGaDB_v1_various_12_02.txt,Corrupted,Corrupted,Corrupted,Corrupted,Corrupted,Corrupted
HuGaDB_v1_various_12_03.txt,Corrupted,Corrupted,Corrupted,Corrupted,Corrupted,Corrupted
HuGaDB_v1_various_12_04.txt,Corrupted,Corrupted,Corrupted,Corrupted,Corrupted,Corrupted
HuGaDB_v1_various_12_05.txt,Corrupted,Corrupted,Corrupted,Corrupted,Corrupted,Corrupted
HuGaDB_v1_various_12_06.txt,Corrupted,Corrupted,Corrupted,Corrupted,Corrupted,Corrupted
HuGaDB_v1_various_12_07.txt,Corrupted,Corrupted,Corrupted,Corrupted,Corrupted,Corrupted
HuGaDB_v1_various_12_08.txt,Corrupted,Corrupted,Corrupted,Corrupted,Corrupted,Corrupted
HuGaDB_v1_various_12_09.txt,Corrupted,Corrupted,Corrupted,Corrupted,Corrupted,Corrupted
HuGaDB_v1_various_12_11.txt,Corrupted,Corrupted,Corrupted,Corrupted,Corrupted,Corrupted
HuGaDB_v1_various_12_10.txt,Corrupted,Corrupted,Corrupted,Corrupted,Corrupted,Corrupted
HuGaDB_v1_various_12_12.txt,Corrupted,Corrupted,Corrupted,Corrupted,Corrupted,Corrupted
HuGaDB_v1_various_12_13.txt,Corrupted,Corrupted,Corrupted,Corrupted,Corrupted,Corrupted
HuGaDB_v1_various_12_14.txt,Corrupted,Corrupted,Corrupted,Corrupted,Corrupted,Corrupted
HuGaDB_v1_various_12_15.txt,Corrupted,Corrupted,Corrupted,Corrupted,Corrupted,Corrupted
HuGaDB_v1_various_12_16.txt,Corrupted,Corrupted,Corrupted,Corrupted,Corrupted,Corrupted
HuGaDB_v1_various_12_17.txt,Corrupted,Corrupted,Corrupted,Corrupted,Corrupted,Corrupted
HuGaDB_v1_various_12_18.txt,Corrupted,Corrupted,Corrupted,Corrupted,Corrupted,Corrupted
HuGaDB_v1_various_13_07.txt,Corrupted,Corrupted,Corrupted,Corrupted,Corrupted,Corrupted
HuGaDB_v1_various_13_08.txt,Corrupted,Corrupted,Corrupted,Corrupted,Corrupted,Corrupted
HuGaDB_v1_various_13_09.txt,Corrupted,Corrupted,Corrupted,Corrupted,Corrupted,Corrupted
HuGaDB_v1_various_13_11.txt,Corrupted,Corrupted,Corrupted,Corrupted,Corrupted,Corrupted
HuGaDB_v1_various_13_10.txt,Corrupted,Corrupted,Corrupted,Corrupted,Corrupted,Corrupted
HuGaDB_v1_various_13_12.txt,Corrupted,Corrupted,Corrupted,Corrupted,Corrupted,Corrupted
HuGaDB_v1_various_13_13.txt,Corrupted,Corrupted,Corrupted,Corrupted,Corrupted,Corrupted
HuGaDB_v1_various_13_14.txt,Corrupted,Corrupted,Corrupted,Corrupted,Corrupted,Corrupted
HuGaDB_v1_various_13_15.txt,Corrupted,Corrupted,Corrupted,Corrupted,Corrupted,Corrupted
HuGaDB_v1_various_13_16.txt,Corrupted,Corrupted,Corrupted,Corrupted,Corrupted,Corrupted
HuGaDB_v1_various_13_17.txt,Corrupted,Corrupted,Corrupted,Corrupted,Corrupted,Corrupted
HuGaDB_v1_various_13_18.txt,Corrupted,Corrupted,Corrupted,Corrupted,Corrupted,Corrupted
HuGaDB_v1_various_13_19.txt,Corrupted,Corrupted,Corrupted,Corrupted,Corrupted,Corrupted
HuGaDB_v1_various_13_20.txt,Corrupted,Corrupted,Corrupted,Corrupted,Corrupted,Corrupted
HuGaDB_v1_various_13_21.txt,Corrupted,Corrupted,Corrupted,Corrupted,Corrupted,Corrupted
HuGaDB_v1_various_13_22.txt,Corrupted,Corrupted,Corrupted,Corrupted,Corrupted,Corrupted
HuGaDB_v1_various_13_23.txt,Corrupted,Corrupted,Corrupted,Corrupted,Corrupted,Corrupted
HuGaDB_v1_various_13_24.txt,Corrupted,Corrupted,Corrupted,Corrupted,Corrupted,Corrupted
HuGaDB_v1_various_14_00.txt,Corrupted,Corrupted,Corrupted,Corrupted,Corrupted,Corrupted
HuGaDB_v1_various_14_01.txt,Corrupted,Corrupted,Corrupted,Corrupted,Corrupted,Corrupted
HuGaDB_v1_various_14_02.txt,Corrupted,Corrupted,Corrupted,Corrupted,Corrupted,Corrupted
HuGaDB_v1_various_14_03.txt,Corrupted,Corrupted,Corrupted,Corrupted,Corrupted,Corrupted
HuGaDB_v1_various_14_04.txt,Corrupted,Corrupted,Corrupted,Corrupted,Corrupted,Corrupted
HuGaDB_v1_various_14_05.txt,Corrupted,Corrupted,Corrupted,Corrupted,Corrupted,Corrupted
HuGaDB_v1_various_14_06.txt,Corrupted,Corrupted,Corrupted,Corrupted,Corrupted,Corrupted
HuGaDB_v1_various_14_07.txt,Corrupted,Corrupted,Corrupted,Corrupted,Corrupted,Corrupted
HuGaDB_v1_various_14_08.txt,Corrupted,Corrupted,Corrupted,Corrupted,Corrupted,Corrupted
HuGaDB_v1_various_14_09.txt,Corrupted,Corrupted,Corrupted,Corrupted,Corrupted,Corrupted
HuGaDB_v1_various_14_11.txt,Corrupted,Corrupted,Corrupted,Corrupted,Corrupted,Corrupted
HuGaDB_v1_various_14_10.txt,Corrupted,Corrupted,Corrupted,Corrupted,Corrupted,Corrupted
HuGaDB_v1_various_14_12.txt,Corrupted,Corrupted,Corrupted,Corrupted,Corrupted,Corrupted
HuGaDB_v1_various_14_13.txt,Corrupted,Corrupted,Corrupted,Corrupted,Corrupted,Corrupted
HuGaDB_v1_various_14_14.txt,Corrupted,Corrupted,Corrupted,Corrupted,Corrupted,Corrupted
HuGaDB_v1_various_14_15.txt,Corrupted,Corrupted,Corrupted,Corrupted,Corrupted,Corrupted
HuGaDB_v1_various_14_16.txt,Corrupted,Corrupted,Corrupted,Corrupted,Corrupted,Corrupted
HuGaDB_v1_various_14_17.txt,Corrupted,Corrupted,Corrupted,Corrupted,Corrupted,Corrupted
HuGaDB_v1_various_14_18.txt,Corrupted,Corrupted,Corrupted,Corrupted,Corrupted,Corrupted
HuGaDB_v1_various_14_19.txt,Corrupted,Corrupted,Corrupted,Corrupted,Corrupted,Corrupted
HuGaDB_v1_various_14_20.txt,Corrupted,Corrupted,Corrupted,Corrupted,Corrupted,Corrupted
HuGaDB_v1_various_14_21.txt,Corrupted,Corrupted,Corrupted,Corrupted,Corrupted,Corrupted
HuGaDB_v1_various_15_00.txt,Corrupted,Corrupted,Corrupted,Corrupted,Corrupted,Corrupted
HuGaDB_v1_various_15_01.txt,Corrupted,Corrupted,Corrupted,Corrupted,Corrupted,Corrupted
HuGaDB_v1_various_15_02.txt,Corrupted,Corrupted,Corrupted,Corrupted,Corrupted,Corrupted
HuGaDB_v1_various_15_03.txt,Corrupted,Corrupted,Corrupted,Corrupted,Corrupted,Corrupted
HuGaDB_v1_various_15_04.txt,Corrupted,Corrupted,Corrupted,Corrupted,Corrupted,Corrupted
HuGaDB_v1_various_15_05.txt,Corrupted,Corrupted,Corrupted,Corrupted,Corrupted,Corrupted
HuGaDB_v1_various_15_06.txt,Corrupted,Corrupted,Corrupted,Corrupted,Corrupted,Corrupted
HuGaDB_v1_various_15_07.txt,Corrupted,Corrupted,Corrupted,Corrupted,Corrupted,Corrupted
HuGaDB_v1_various_15_08.txt,Corrupted,Corrupted,Corrupted,Corrupted,Corrupted,Corrupted
HuGaDB_v1_various_15_09.txt,Corrupted,Corrupted,Corrupted,Corrupted,Corrupted,Corrupted
HuGaDB_v1_various_15_11.txt,Corrupted,Corrupted,Corrupted,Corrupted,Corrupted,Corrupted
HuGaDB_v1_various_16_00.txt,Corrupted,Corrupted,Corrupted,Corrupted,Corrupted,Corrupted
HuGaDB_v1_various_16_01.txt,Corrupted,Corrupted,Corrupted,Corrupted,Corrupted,Corrupted
HuGaDB_v1_various_16_02.txt,Corrupted,Corrupted,Corrupted,Corrupted,Corrupted,Corrupted
HuGaDB_v1_various_16_03.txt,Corrupted,Corrupted,Corrupted,Corrupted,Corrupted,Corrupted
HuGaDB_v1_various_16_04.txt,Corrupted,Corrupted,Corrupted,Corrupted,Corrupted,Corrupted
HuGaDB_v1_various_16_05.txt,Corrupted,Corrupted,Corrupted,Corrupted,Corrupted,Corrupted
HuGaDB_v1_various_16_06.txt,Corrupted,Corrupted,Corrupted,Corrupted,Corrupted,Corrupted
HuGaDB_v1_various_16_07.txt,Corrupted,Corrupted,Corrupted,Corrupted,Corrupted,Corrupted
HuGaDB_v1_various_16_08.txt,Corrupted,Corrupted,Corrupted,Corrupted,Corrupted,Corrupted
HuGaDB_v1_various_16_09.txt,Corrupted,Corrupted,Corrupted,Corrupted,Corrupted,Corrupted
HuGaDB_v1_various_16_11.txt,Corrupted,Corrupted,Corrupted,Corrupted,Corrupted,Corrupted
HuGaDB_v1_various_16_10.txt,Corrupted,Corrupted,Corrupted,Corrupted,Corrupted,Corrupted
HuGaDB_v1_various_16_12.txt,Corrupted,Corrupted,Corrupted,Corrupted,Corrupted,Corrupted
HuGaDB_v1_various_16_13.txt,Corrupted,Corrupted,Corrupted,Corrupted,Corrupted,Corrupted
HuGaDB_v1_various_16_14.txt,Corrupted,Corrupted,Corrupted,Corrupted,Corrupted,Corrupted
HuGaDB_v1_various_16_15.txt,Corrupted,Corrupted,Corrupted,Corrupted,Corrupted,Corrupted
HuGaDB_v1_various_16_16.txt,Corrupted,Corrupted,Corrupted,Corrupted,Corrupted,Corrupted
HuGaDB_v1_various_16_17.txt,Corrupted,Corrupted,Corrupted,Corrupted,Corrupted,Corrupted
HuGaDB_v1_various_16_18.txt,Corrupted,Corrupted,Corrupted,Corrupted,Corrupted,Corrupted
HuGaDB_v1_various_16_19.txt,Corrupted,Corrupted,Corrupted,Corrupted,Corrupted,Corrupted
HuGaDB_v1_various_17_00.txt,Corrupted,Corrupted,Corrupted,Corrupted,Corrupted,Corrupted
HuGaDB_v1_various_17_01.txt,Corrupted,Corrupted,Corrupted,Corrupted,Corrupted,Corrupted
HuGaDB_v1_various_17_02.txt,Corrupted,Corrupted,Corrupted,Corrupted,Corrupted,Corrupted
HuGaDB_v1_various_17_04.txt,Corrupted,Corrupted,Corrupted,Corrupted,Corrupted,Corrupted
HuGaDB_v1_various_17_05.txt,Corrupted,Corrupted,Corrupted,Corrupted,Corrupted,Corrupted
HuGaDB_v1_various_17_06.txt,Corrupted,Corrupted,Corrupted,Corrupted,Corrupted,Corrupted
HuGaDB_v1_various_17_07.txt,Corrupted,Corrupted,Corrupted,Corrupted,Corrupted,Corrupted
HuGaDB_v1_various_17_08.txt,Corrupted,Corrupted,Corrupted,Corrupted,Corrupted,Corrupted
HuGaDB_v1_various_17_09.txt,Corrupted,Corrupted,Corrupted,Corrupted,Corrupted,Corrupted
HuGaDB_v1_various_17_10.txt,Corrupted,Corrupted,Corrupted,Corrupted,Corrupted,Corrupted
HuGaDB_v1_various_17_11.txt,Corrupted,Corrupted,Corrupted,Corrupted,Corrupted,Corrupted
HuGaDB_v1_various_17_12.txt,Corrupted,Corrupted,Corrupted,Corrupted,Corrupted,Corrupted
HuGaDB_v1_various_17_13.txt,Corrupted,Corrupted,Corrupted,Corrupted,Corrupted,Corrupted
HuGaDB_v1_various_17_14.txt,Corrupted,Corrupted,Corrupted,Corrupted,Corrupted,Corrupted
HuGaDB_v1_various_17_15.txt,Corrupted,Corrupted,Corrupted,Corrupted,Corrupted,Corrupted
HuGaDB_v1_various_17_16.txt,Corrupted,Corrupted,Corrupted,Corrupted,Corrupted,Corrupted
HuGaDB_v1_various_17_17.txt,Corrupted,Corrupted,Corrupted,Corrupted,Corrupted,Corrupted
HuGaDB_v1_various_17_18.txt,Corrupted,Corrupted,Corrupted,Corrupted,Corrupted,Corrupted
HuGaDB_v1_various_17_19.txt,Corrupted,Corrupted,Corrupted,Corrupted,Corrupted,Corrupted
HuGaDB_v1_various_17_20.txt,Corrupted,Corrupted,Corrupted,Corrupted,Corrupted,Corrupted
HuGaDB_v1_various_17_21.txt,Corrupted,Corrupted,Corrupted,Corrupted,Corrupted,Corrupted
HuGaDB_v1_various_17_22.txt,Corrupted,Corrupted,Corrupted,Corrupted,Corrupted,Corrupted
HuGaDB_v1_various_17_23.txt,Corrupted,Corrupted,Corrupted,Corrupted,Corrupted,Corrupted
HuGaDB_v1_various_18_00.txt,Corrupted,Corrupted,Corrupted,Corrupted,OK,Corrupted
HuGaDB_v1_various_18_01.txt,Corrupted,Corrupted,Corrupted,Corrupted,OK,Corrupted
HuGaDB_v1_various_18_02.txt,Corrupted,Corrupted,Corrupted,Corrupted,OK,Corrupted
HuGaDB_v1_various_18_03.txt,Corrupted,Corrupted,Corrupted,Corrupted,OK,Corrupted
HuGaDB_v1_various_18_04.txt,Corrupted,Corrupted,Corrupted,Corrupted,OK,Corrupted
HuGaDB_v1_various_18_05.txt,Corrupted,Corrupted,Corrupted,Corrupted,OK,Corrupted
HuGaDB_v1_various_18_06.txt,Corrupted,Corrupted,Corrupted,Corrupted,OK,Corrupted
HuGaDB_v1_various_18_07.txt,Corrupted,Corrupted,Corrupted,Corrupted,OK,Corrupted
HuGaDB_v1_various_18_08.txt,Corrupted,Corrupted,Corrupted,Corrupted,OK,Corrupted
HuGaDB_v1_various_18_09.txt,Corrupted,Corrupted,Corrupted,Corrupted,OK,Corrupted
HuGaDB_v1_various_18_11.txt,Corrupted,Corrupted,Corrupted,Corrupted,OK,Corrupted
HuGaDB_v1_various_18_10.txt,Corrupted,Corrupted,Corrupted,Corrupted,OK,Corrupted
HuGaDB_v1_various_18_12.txt,Corrupted,Corrupted,Corrupted,Corrupted,OK,Corrupted
HuGaDB_v1_various_18_13.txt,Corrupted,Corrupted,Corrupted,Corrupted,OK,Corrupted
HuGaDB_v1_various_18_14.txt,Corrupted,Corrupted,Corrupted,Corrupted,OK,Corrupted
HuGaDB_v1_various_18_15.txt,Corrupted,Corrupted,Corrupted,Corrupted,OK,Corrupted
HuGaDB_v1_various_18_16.txt,Corrupted,Corrupted,Corrupted,Corrupted,OK,Corrupted
HuGaDB_v1_running_03_00.txt,Corrupted,OK,Corrupted,OK,Corrupted,OK
HuGaDB_v1_running_03_01.txt,Corrupted,OK,Corrupted,OK,Corrupted,OK
HuGaDB_v1_running_07_00.txt,Corrupted,OK,Corrupted,OK,OK,OK
HuGaDB_v1_running_07_01.txt,Corrupted,OK,Corrupted,OK,OK,OK
HuGaDB_v1_running_07_02.txt,Corrupted,OK,Corrupted,OK,OK,OK
HuGaDB_v1_running_09_00.txt,OK,Corrupted,OK,Corrupted,OK,Corrupted
HuGaDB_v1_running_09_01.txt,OK,Corrupted,OK,Corrupted,OK,Corrupted
HuGaDB_v1_running_09_02.txt,OK,Corrupted,OK,Corrupted,OK,Corrupted
HuGaDB_v1_sitting_03_00.txt,Corrupted,OK,OK,OK,Corrupted,OK
HuGaDB_v1_sitting_03_01.txt,Corrupted,OK,Corrupted,OK,Corrupted,OK
HuGaDB_v1_sitting_03_02.txt,Corrupted,OK,Corrupted,OK,Corrupted,OK
HuGaDB_v1_sitting_03_03.txt,Corrupted,OK,Corrupted,OK,Corrupted,OK
HuGaDB_v1_sitting_04_00.txt,Corrupted,Corrupted,Corrupted,Corrupted,Corrupted,Corrupted
HuGaDB_v1_sitting_04_01.txt,Corrupted,Corrupted,Corrupted,Corrupted,Corrupted,Corrupted
HuGaDB_v1_sitting_04_02.txt,Corrupted,Corrupted,Corrupted,Corrupted,Corrupted,Corrupted
HuGaDB_v1_sitting_05_00.txt,Corrupted,Corrupted,Corrupted,Corrupted,Corrupted,Corrupted
HuGaDB_v1_sitting_05_01.txt,OK,Corrupted,,OK,OK,OK
HuGaDB_v1_sitting_06_04.txt,Corrupted,OK,Corrupted,OK,OK,Corrupted
HuGaDB_v1_sitting_07_01.txt,Corrupted,OK,Corrupted,OK,OK,OK
HuGaDB_v1_sitting_07_02.txt,Corrupted,Corrupted,Corrupted,Corrupted,Corrupted,Corrupted
HuGaDB_v1_sitting_07_03.txt,Corrupted,OK,Corrupted,OK,OK,OK
HuGaDB_v1_sitting_07_04.txt,Corrupted,OK,Corrupted,OK,OK,OK
HuGaDB_v1_sitting_08_00.txt,Corrupted,Corrupted,Corrupted,Corrupted,Corrupted,Corrupted
HuGaDB_v1_sitting_09_00.txt,Corrupted,Corrupted,Corrupted,Corrupted,Corrupted,Corrupted
HuGaDB_v1_sitting_09_01.txt,Corrupted,Corrupted,Corrupted,Corrupted,Corrupted,Corrupted
HuGaDB_v1_sitting_09_02.txt,Corrupted,Corrupted,Corrupted,Corrupted,Corrupted,Corrupted
HuGaDB_v1_sitting_09_03.txt,Corrupted,Corrupted,Corrupted,Corrupted,Corrupted,Corrupted
HuGaDB_v1_sitting_10_00.txt,Corrupted,Corrupted,Corrupted,Corrupted,Corrupted,Corrupted
HuGaDB_v1_sitting_10_04.txt,Corrupted,Corrupted,Corrupted,Corrupted,Corrupted,Corrupted
HuGaDB_v1_sitting_11_00.txt,OK,Corrupted,OK,OK,OK,OK
HuGaDB_v1_sitting_11_01.txt,OK,Corrupted,OK,Corrupted,Corrupted,Corrupted
HuGaDB_v1_sitting_11_02.txt,OK,Corrupted,OK,OK,OK,OK
HuGaDB_v1_sitting_11_03.txt,OK,Corrupted,Corrupted,OK,Corrupted,Corrupted
HuGaDB_v1_sitting_12_00.txt,Corrupted,Corrupted,Corrupted,Corrupted,Corrupted,Corrupted
HuGaDB_v1_sitting_12_01.txt,Corrupted,Corrupted,Corrupted,Corrupted,Corrupted,Corrupted
HuGaDB_v1_sitting_12_02.txt,Corrupted,Corrupted,Corrupted,Corrupted,Corrupted,Corrupted
HuGaDB_v1_sitting_12_03.txt,Corrupted,Corrupted,Corrupted,Corrupted,Corrupted,Corrupted
HuGaDB_v1_sitting_13_00.txt,Corrupted,Corrupted,Corrupted,Corrupted,Corrupted,Corrupted
HuGaDB_v1_sitting_13_01.txt,Corrupted,Corrupted,Corrupted,Corrupted,Corrupted,Corrupted
HuGaDB_v1_sitting_13_02.txt,Corrupted,Corrupted,Corrupted,Corrupted,Corrupted,Corrupted
HuGaDB_v1_sitting_13_03.txt,Corrupted,Corrupted,Corrupted,Corrupted,Corrupted,Corrupted
HuGaDB_v1_sitting_13_04.txt,Corrupted,Corrupted,Corrupted,Corrupted,Corrupted,Corrupted
HuGaDB_v1_sitting_13_05.txt,Corrupted,Corrupted,Corrupted,Corrupted,Corrupted,Corrupted
HuGaDB_v1_sitting_13_06.txt,Corrupted,Corrupted,Corrupted,Corrupted,Corrupted,Corrupted
HuGaDB_v1_sitting_14_00.txt,Corrupted,Corrupted,Corrupted,Corrupted,Corrupted,Corrupted
HuGaDB_v1_sitting_14_01.txt,Corrupted,Corrupted,Corrupted,Corrupted,Corrupted,Corrupted
HuGaDB_v1_sitting_14_02.txt,Corrupted,Corrupted,Corrupted,Corrupted,Corrupted,Corrupted
HuGaDB_v1_sitting_14_03.txt,Corrupted,Corrupted,Corrupted,Corrupted,Corrupted,Corrupted
HuGaDB_v1_sitting_15_00.txt,Corrupted,Corrupted,OK,Corrupted,Corrupted,Corrupted
HuGaDB_v1_sitting_15_01.txt,Corrupted,Corrupted,Corrupted,Corrupted,Corrupted,Corrupted
HuGaDB_v1_sitting_15_02.txt,Corrupted,Corrupted,OK,Corrupted,Corrupted,Corrupted
HuGaDB_v1_sitting_15_03.txt,Corrupted,Corrupted,Corrupted,Corrupted,Corrupted,Corrupted
HuGaDB_v1_sitting_16_00.txt,Corrupted,Corrupted,Corrupted,Corrupted,Corrupted,Corrupted
HuGaDB_v1_sitting_16_01.txt,Corrupted,Corrupted,Corrupted,Corrupted,Corrupted,Corrupted
HuGaDB_v1_sitting_16_02.txt,Corrupted,Corrupted,Corrupted,Corrupted,Corrupted,Corrupted
HuGaDB_v1_sitting_16_03.txt,Corrupted,Corrupted,Corrupted,Corrupted,Corrupted,Corrupted
HuGaDB_v1_sitting_16_04.txt,Corrupted,Corrupted,Corrupted,Corrupted,Corrupted,Corrupted
HuGaDB_v1_sitting_16_05.txt,Corrupted,Corrupted,Corrupted,Corrupted,Corrupted,Corrupted
HuGaDB_v1_sitting_17_00.txt,Corrupted,Corrupted,Corrupted,Corrupted,Corrupted,Corrupted
HuGaDB_v1_sitting_17_01.txt,Corrupted,Corrupted,Corrupted,Corrupted,Corrupted,Corrupted
HuGaDB_v1_sitting_17_02.txt,Corrupted,Corrupted,Corrupted,Corrupted,Corrupted,Corrupted
HuGaDB_v1_sitting_17_03.txt,Corrupted,Corrupted,Corrupted,Corrupted,Corrupted,Corrupted
HuGaDB_v1_sitting_17_04.txt,Corrupted,Corrupted,Corrupted,Corrupted,Corrupted,Corrupted
HuGaDB_v1_sitting_17_05.txt,Corrupted,Corrupted,Corrupted,Corrupted,Corrupted,Corrupted
HuGaDB_v1_sitting_17_06.txt,Corrupted,Corrupted,Corrupted,Corrupted,Corrupted,Corrupted
HuGaDB_v1_sitting_18_00.txt,Corrupted,Corrupted,Corrupted,Corrupted,Corrupted,Corrupted
HuGaDB_v1_sitting_18_01.txt,Corrupted,Corrupted,Corrupted,Corrupted,Corrupted,Corrupted
HuGaDB_v1_sitting_18_02.txt,Corrupted,Corrupted,Corrupted,Corrupted,OK,Corrupted
HuGaDB_v1_sitting_18_03.txt,Corrupted,Corrupted,Corrupted,Corrupted,OK,Corrupted
HuGaDB_v1_sitting_in_car_01_00.txt,Corrupted,Corrupted,Corrupted,Corrupted,Corrupted,Corrupted
HuGaDB_v1_sitting_in_car_01_01.txt,Corrupted,Corrupted,Corrupted,Corrupted,Corrupted,Corrupted
HuGaDB_v1_sitting_in_car_01_02.txt,Corrupted,Corrupted,Corrupted,Corrupted,Corrupted,Corrupted
HuGaDB_v1_sitting_in_car_01_03.txt,Corrupted,Corrupted,Corrupted,Corrupted,Corrupted,Corrupted
HuGaDB_v1_sitting_in_car_01_04.txt,Corrupted,Corrupted,Corrupted,Corrupted,Corrupted,Corrupted
HuGaDB_v1_sitting_in_car_01_05.txt,Corrupted,Corrupted,Corrupted,Corrupted,Corrupted,Corrupted
HuGaDB_v1_sitting_in_car_01_06.txt,Corrupted,Corrupted,Corrupted,Corrupted,Corrupted,Corrupted
HuGaDB_v1_sitting_in_car_01_08.txt,Corrupted,Corrupted,Corrupted,Corrupted,Corrupted,Corrupted
HuGaDB_v1_sitting_in_car_01_09.txt,Corrupted,Corrupted,Corrupted,Corrupted,Corrupted,Corrupted
HuGaDB_v1_sitting_in_car_01_10.txt,Corrupted,Corrupted,Corrupted,Corrupted,Corrupted,Corrupted
HuGaDB_v1_sitting_in_car_01_11.txt,Corrupted,Corrupted,Corrupted,Corrupted,Corrupted,Corrupted
HuGaDB_v1_sitting_in_car_01_12.txt,Corrupted,Corrupted,Corrupted,Corrupted,Corrupted,Corrupted
HuGaDB_v1_sitting_in_car_01_13.txt,Corrupted,Corrupted,Corrupted,Corrupted,Corrupted,Corrupted
HuGaDB_v1_sitting_in_car_01_14.txt,Corrupted,Corrupted,Corrupted,Corrupted,Corrupted,Corrupted
HuGaDB_v1_standing_01_00.txt,OK,OK,Corrupted,OK,Corrupted,Corrupted
HuGaDB_v1_standing_01_03.txt,OK,Corrupted,OK,OK,OK,OK
HuGaDB_v1_standing_03_00.txt,Corrupted,OK,Corrupted,Corrupted,Corrupted,Corrupted
HuGaDB_v1_standing_04_00.txt,Corrupted,Corrupted,Corrupted,Corrupted,Corrupted,Corrupted
HuGaDB_v1_standing_04_01.txt,Corrupted,Corrupted,Corrupted,Corrupted,Corrupted,Corrupted
HuGaDB_v1_standing_04_02.txt,Corrupted,Corrupted,Corrupted,Corrupted,Corrupted,Corrupted
HuGaDB_v1_standing_04_03.txt,Corrupted,Corrupted,Corrupted,Corrupted,Corrupted,Corrupted
HuGaDB_v1_standing_05_00.txt,Corrupted,Corrupted,Corrupted,Corrupted,Corrupted,Corrupted
HuGaDB_v1_standing_05_01.txt,Corrupted,Corrupted,Corrupted,OK,OK,OK
HuGaDB_v1_standing_06_00.txt,OK,OK,OK,OK,Corrupted,Corrupted
HuGaDB_v1_standing_07_00.txt,Corrupted,OK,Corrupted,OK,Corrupted,OK
HuGaDB_v1_standing_07_01.txt,OK,OK,OK,OK,Corrupted,Corrupted
HuGaDB_v1_standing_07_03.txt,Corrupted,Corrupted,Corrupted,Corrupted,Corrupted,Corrupted
HuGaDB_v1_standing_08_00.txt,OK,OK,OK,OK,Corrupted,Corrupted
HuGaDB_v1_standing_08_01.txt,OK,OK,OK,OK,Corrupted,Corrupted
HuGaDB_v1_standing_08_02.txt,OK,OK,Corrupted,Corrupted,Corrupted,Corrupted
HuGaDB_v1_standing_08_03.txt,Corrupted,OK,OK,Corrupted,Corrupted,Corrupted
HuGaDB_v1_standing_09_00.txt,OK,Corrupted,OK,Corrupted,OK,Corrupted
HuGaDB_v1_standing_09_01.txt,OK,Corrupted,OK,Corrupted,OK,Corrupted
HuGaDB_v1_standing_09_02.txt,OK,Corrupted,OK,Corrupted,OK,Corrupted
HuGaDB_v1_standing_09_03.txt,OK,Corrupted,OK,Corrupted,OK,Corrupted
HuGaDB_v1_standing_09_04.txt,OK,Corrupted,Corrupted,Corrupted,Corrupted,Corrupted
HuGaDB_v1_standing_10_01.txt,OK,OK,Corrupted,Corrupted,Corrupted,OK
HuGaDB_v1_standing_10_03.txt,OK,OK,Corrupted,OK,OK,OK
HuGaDB_v1_standing_11_00.txt,OK,Corrupted,OK,OK,Corrupted,Corrupted
HuGaDB_v1_standing_11_01.txt,OK,Corrupted,Corrupted,Corrupted,Corrupted,Corrupted
HuGaDB_v1_standing_11_02.txt,OK,Corrupted,Corrupted,Corrupted,Corrupted,Corrupted
HuGaDB_v1_standing_11_03.txt,OK,Corrupted,OK,Corrupted,Corrupted,Corrupted
HuGaDB_v1_standing_11_04.txt,OK,Corrupted,OK,OK,OK,Corrupted
HuGaDB_v1_standing_12_00.txt,Corrupted,Corrupted,Corrupted,Corrupted,Corrupted,Corrupted
HuGaDB_v1_standing_12_01.txt,Corrupted,Corrupted,Corrupted,Corrupted,Corrupted,Corrupted
HuGaDB_v1_standing_12_02.txt,Corrupted,Corrupted,Corrupted,Corrupted,Corrupted,Corrupted
HuGaDB_v1_standing_12_03.txt,Corrupted,Corrupted,Corrupted,Corrupted,Corrupted,Corrupted
HuGaDB_v1_standing_12_04.txt,Corrupted,Corrupted,Corrupted,Corrupted,Corrupted,Corrupted
HuGaDB_v1_standing_13_00.txt,Corrupted,Corrupted,Corrupted,Corrupted,Corrupted,Corrupted
HuGaDB_v1_standing_13_01.txt,Corrupted,Corrupted,Corrupted,Corrupted,Corrupted,Corrupted
HuGaDB_v1_standing_13_02.txt,Corrupted,Corrupted,Corrupted,Corrupted,Corrupted,Corrupted
HuGaDB_v1_standing_13_03.txt,Corrupted,Corrupted,Corrupted,Corrupted,Corrupted,Corrupted
HuGaDB_v1_standing_15_00.txt,Corrupted,Corrupted,Corrupted,Corrupted,Corrupted,Corrupted
HuGaDB_v1_standing_15_01.txt,Corrupted,Corrupted,Corrupted,Corrupted,Corrupted,Corrupted
HuGaDB_v1_standing_15_02.txt,Corrupted,Corrupted,Corrupted,Corrupted,Corrupted,Corrupted
HuGaDB_v1_standing_15_03.txt,Corrupted,Corrupted,Corrupted,Corrupted,Corrupted,Corrupted
HuGaDB_v1_standing_15_04.txt,Corrupted,Corrupted,Corrupted,Corrupted,Corrupted,Corrupted
HuGaDB_v1_standing_16_00.txt,Corrupted,Corrupted,Corrupted,Corrupted,Corrupted,Corrupted
HuGaDB_v1_standing_16_01.txt,Corrupted,Corrupted,Corrupted,Corrupted,Corrupted,Corrupted
HuGaDB_v1_standing_16_02.txt,Corrupted,Corrupted,Corrupted,Corrupted,Corrupted,Corrupted
HuGaDB_v1_standing_16_03.txt,Corrupted,Corrupted,Corrupted,Corrupted,Corrupted,Corrupted
HuGaDB_v1_standing_16_04.txt,Corrupted,Corrupted,Corrupted,Corrupted,Corrupted,Corrupted
HuGaDB_v1_standing_17_00.txt,Corrupted,Corrupted,Corrupted,Corrupted,Corrupted,Corrupted
HuGaDB_v1_standing_17_01.txt,Corrupted,Corrupted,Corrupted,Corrupted,Corrupted,Corrupted
HuGaDB_v1_standing_17_02.txt,Corrupted,Corrupted,Corrupted,Corrupted,Corrupted,Corrupted
HuGaDB_v1_standing_17_03.txt,Corrupted,Corrupted,Corrupted,Corrupted,Corrupted,Corrupted
HuGaDB_v1_standing_18_00.txt,Corrupted,Corrupted,Corrupted,Corrupted,Corrupted,Corrupted
HuGaDB_v1_standing_18_01.txt,Corrupted,Corrupted,Corrupted,Corrupted,Corrupted,Corrupted
HuGaDB_v1_standing_18_02.txt,Corrupted,Corrupted,Corrupted,Corrupted,Corrupted,Corrupted
HuGaDB_v1_standing_18_03.txt,Corrupted,Corrupted,Corrupted,Corrupted,Corrupted,Corrupted
HuGaDB_v1_standing_18_04.txt,Corrupted,Corrupted,Corrupted,Corrupted,Corrupted,Corrupted
HuGaDB_v1_walking_03_00.txt,Corrupted,OK,Corrupted,OK,Corrupted,OK
HuGaDB_v1_walking_03_01.txt,Corrupted,OK,Corrupted,OK,Corrupted,OK
HuGaDB_v1_walking_04_00.txt,Corrupted,Corrupted,Corrupted,Corrupted,Corrupted,Corrupted
HuGaDB_v1_walking_04_01.txt,Corrupted,Corrupted,Corrupted,Corrupted,Corrupted,Corrupted
HuGaDB_v1_walking_04_02.txt,Corrupted,Corrupted,Corrupted,Corrupted,Corrupted,Corrupted
HuGaDB_v1_walking_04_03.txt,Corrupted,Corrupted,Corrupted,Corrupted,Corrupted,Corrupted
HuGaDB_v1_walking_04_04.txt,Corrupted,Corrupted,Corrupted,Corrupted,Corrupted,Corrupted
HuGaDB_v1_walking_04_05.txt,Corrupted,Corrupted,Corrupted,Corrupted,Corrupted,Corrupted
HuGaDB_v1_walking_05_00.txt,Corrupted,Corrupted,Corrupted,OK,OK,OK
HuGaDB_v1_walking_05_01.txt,Corrupted,Corrupted,Corrupted,OK,OK,OK
HuGaDB_v1_walking_05_02.txt,Corrupted,Corrupted,Corrupted,OK,OK,OK
HuGaDB_v1_walking_05_03.txt,Corrupted,Corrupted,Corrupted,OK,OK,OK
HuGaDB_v1_walking_06_03.txt,OK,OK,OK,OK,Corrupted,OK
HuGaDB_v1_walking_06_05.txt,OK,OK,OK,OK,Corrupted,OK
HuGaDB_v1_walking_07_00.txt,Corrupted,OK,Corrupted,OK,OK,OK
HuGaDB_v1_walking_07_01.txt,Corrupted,OK,Corrupted,OK,OK,OK
HuGaDB_v1_walking_07_02.txt,Corrupted,OK,Corrupted,OK,OK,OK
HuGaDB_v1_walking_07_03.txt,Corrupted,OK,Corrupted,OK,OK,OK
HuGaDB_v1_walking_07_04.txt,Corrupted,OK,Corrupted,OK,OK,OK
HuGaDB_v1_walking_09_00.txt,Corrupted,Corrupted,Corrupted,Corrupted,Corrupted,Corrupted
HuGaDB_v1_walking_09_01.txt,Corrupted,Corrupted,Corrupted,Corrupted,Corrupted,Corrupted
HuGaDB_v1_walking_09_02.txt,Corrupted,Corrupted,Corrupted,Corrupted,Corrupted,Corrupted
HuGaDB_v1_walking_09_03.txt,Corrupted,Corrupted,Corrupted,Corrupted,Corrupted,Corrupted
HuGaDB_v1_walking_11_00.txt,OK,Corrupted,OK,OK,OK,OK
HuGaDB_v1_walking_11_01.txt,OK,Corrupted,OK,OK,OK,OK
HuGaDB_v1_walking_11_02.txt,OK,Corrupted,OK,OK,OK,OK
HuGaDB_v1_walking_11_03.txt,OK,Corrupted,OK,OK,OK,OK
HuGaDB_v1_walking_12_00.txt,Corrupted,Corrupted,Corrupted,Corrupted,Corrupted,Corrupted
HuGaDB_v1_walking_12_01.txt,Corrupted,Corrupted,Corrupted,Corrupted,Corrupted,Corrupted
HuGaDB_v1_walking_12_02.txt,Corrupted,Corrupted,Corrupted,Corrupted,Corrupted,Corrupted
HuGaDB_v1_walking_12_03.txt,Corrupted,Corrupted,Corrupted,Corrupted,Corrupted,Corrupted
HuGaDB_v1_walking_12_04.txt,Corrupted,Corrupted,Corrupted,Corrupted,Corrupted,Corrupted
HuGaDB_v1_walking_12_05.txt,Corrupted,Corrupted,Corrupted,Corrupted,Corrupted,Corrupted
HuGaDB_v1_walking_12_06.txt,Corrupted,Corrupted,Corrupted,Corrupted,Corrupted,Corrupted
HuGaDB_v1_walking_13_00.txt,Corrupted,Corrupted,Corrupted,Corrupted,Corrupted,Corrupted
HuGaDB_v1_walking_13_01.txt,Corrupted,Corrupted,Corrupted,Corrupted,Corrupted,Corrupted
HuGaDB_v1_walking_13_02.txt,Corrupted,Corrupted,Corrupted,Corrupted,Corrupted,Corrupted
HuGaDB_v1_walking_13_03.txt,Corrupted,Corrupted,Corrupted,Corrupted,Corrupted,Corrupted
HuGaDB_v1_walking_14_00.txt,Corrupted,Corrupted,Corrupted,Corrupted,Corrupted,Corrupted
HuGaDB_v1_walking_14_01.txt,Corrupted,Corrupted,Corrupted,Corrupted,Corrupted,Corrupted
HuGaDB_v1_walking_14_02.txt,Corrupted,Corrupted,Corrupted,Corrupted,Corrupted,Corrupted
HuGaDB_v1_walking_14_03.txt,Corrupted,Corrupted,Corrupted,Corrupted,Corrupted,Corrupted
HuGaDB_v1_walking_14_04.txt,Corrupted,Corrupted,Corrupted,Corrupted,Corrupted,Corrupted
HuGaDB_v1_walking_15_00.txt,Corrupted,Corrupted,Corrupted,Corrupted,Corrupted,Corrupted
HuGaDB_v1_walking_15_01.txt,Corrupted,Corrupted,Corrupted,Corrupted,Corrupted,Corrupted
HuGaDB_v1_walking_15_02.txt,Corrupted,Corrupted,Corrupted,Corrupted,Corrupted,Corrupted
HuGaDB_v1_walking_15_03.txt,Corrupted,Corrupted,Corrupted,Corrupted,Corrupted,Corrupted
HuGaDB_v1_walking_15_04.txt,Corrupted,Corrupted,Corrupted,Corrupted,Corrupted,Corrupted
HuGaDB_v1_walking_15_05.txt,Corrupted,Corrupted,Corrupted,Corrupted,Corrupted,Corrupted
HuGaDB_v1_walking_15_06.txt,Corrupted,Corrupted,Corrupted,Corrupted,Corrupted,Corrupted
HuGaDB_v1_walking_15_07.txt,Corrupted,Corrupted,Corrupted,Corrupted,Corrupted,Corrupted
HuGaDB_v1_walking_15_08.txt,Corrupted,Corrupted,Corrupted,Corrupted,Corrupted,Corrupted
HuGaDB_v1_walking_15_09.txt,Corrupted,Corrupted,Corrupted,Corrupted,Corrupted,Corrupted
HuGaDB_v1_walking_15_10.txt,Corrupted,Corrupted,Corrupted,Corrupted,Corrupted,Corrupted
HuGaDB_v1_walking_16_00.txt,Corrupted,Corrupted,Corrupted,Corrupted,Corrupted,Corrupted
HuGaDB_v1_walking_16_01.txt,Corrupted,Corrupted,Corrupted,Corrupted,Corrupted,Corrupted
HuGaDB_v1_walking_16_02.txt,Corrupted,Corrupted,Corrupted,Corrupted,Corrupted,Corrupted
HuGaDB_v1_walking_16_03.txt,Corrupted,Corrupted,Corrupted,Corrupted,Corrupted,Corrupted
HuGaDB_v1_walking_16_04.txt,Corrupted,Corrupted,Corrupted,Corrupted,Corrupted,Corrupted
HuGaDB_v1_walking_17_00.txt,Corrupted,Corrupted,Corrupted,Corrupted,Corrupted,Corrupted
HuGaDB_v1_walking_17_01.txt,Corrupted,Corrupted,Corrupted,Corrupted,Corrupted,Corrupted
HuGaDB_v1_walking_17_02.txt,Corrupted,Corrupted,Corrupted,Corrupted,Corrupted,Corrupted
HuGaDB_v1_walking_17_03.txt,Corrupted,Corrupted,Corrupted,Corrupted,Corrupted,Corrupted
HuGaDB_v1_walking_17_04.txt,Corrupted,Corrupted,Corrupted,Corrupted,Corrupted,Corrupted
HuGaDB_v1_walking_17_05.txt,Corrupted,Corrupted,Corrupted,Corrupted,Corrupted,Corrupted
HuGaDB_v1_walking_17_06.txt,Corrupted,Corrupted,Corrupted,Corrupted,Corrupted,Corrupted
HuGaDB_v1_walking_18_00.txt,Corrupted,Corrupted,Corrupted,Corrupted,OK,Corrupted
HuGaDB_v1_walking_18_01.txt,Corrupted,Corrupted,Corrupted,Corrupted,OK,Corrupted
HuGaDB_v1_walking_18_02.txt,Corrupted,Corrupted,Corrupted,Corrupted,OK,Corrupted
HuGaDB_v1_walking_18_03.txt,Corrupted,Corrupted,Corrupted,Corrupted,OK,Corrupted
